Post Title,Post Time
High interest UK savings account,2023-11-19 22:04:49
Side gig TAX suggestions,2023-11-19 21:51:20
Ireland -> Belfast,2023-11-19 20:41:27
Pay raise. Salary increase or equivalent as pension contribution.,2023-11-19 19:42:45
Rent A Room Scheme,2023-11-19 17:47:11
Logic restricting you from withdrawing from a pension early unless you have changed employer?,2023-11-19 14:55:48
Mortgage and bonus.,2023-11-19 16:41:12
Most efficient way of paying mortgage,2023-11-19 15:57:29
Can my mum (64) start a private pension or is it too late?,2023-11-19 15:29:01
Sell or extend,2023-11-19 10:01:09
34 ye old that wants to get my finances in check,2023-11-19 09:24:51
House sign over,2023-11-19 03:58:36
What is considered a good rental yield?,2023-11-18 18:12:33
Irish life smart invest,2023-11-18 17:48:32
Aviva pension - index sp&500,2023-11-18 13:16:27
Thoughts on QFA exams?,2023-11-18 16:58:57
Calculating rental income taxes,2023-11-18 14:39:31
How do Revolut added services subscriptions work?,2023-11-18 15:30:11
Interitance tax,2023-11-18 14:57:59
IBKR Dividend Election Not Showing,2023-11-18 13:59:22
Where to go with a Finance degree?,2023-11-18 14:04:30
Mileage claim health travel expense,2023-11-18 11:37:26
Junior data analyst salary,2023-11-18 09:02:14
Taxes on trading US stock options and CFDs,2023-11-18 04:17:48
Vacant Property Grant - Utility Bills,2023-11-17 23:18:46
A cool guide Marginal Tax,2023-11-17 19:28:46
What is the benefit of having 200k plus in home equity. What does it mean? Please explain like I’m 5,2023-11-17 19:32:19
Applying for a mortgage solo,2023-11-17 20:02:10
AVIVA pension fund selection,2023-11-17 14:55:53
Home insurance - through the roof,2023-11-17 10:13:31
Buying a house but got a job offer abroad,2023-11-17 18:31:19
Is 32K annual a good salary?,2023-11-17 18:21:44
Help to Buy taking a long time to approve?,2023-11-17 18:16:51
Investment Income and Revenue,2023-11-17 15:56:40
Recommend a finance app for budgeting and setting savings goals and such?,2023-11-17 16:25:35
Savings Account for a newborn,2023-11-17 15:34:45
"Parents Leave,Additional 2 Weeks",2023-11-17 13:50:23
CGT loss question,2023-11-17 11:55:14
Sumup vs Square,2023-11-17 10:03:01
Auto-Enrolment,2023-11-17 09:54:04
Passive investment,2023-11-17 06:16:48
How to start saving?,2023-11-16 23:09:53
Vacant Home Grant and First home scheme.,2023-11-16 23:19:25
Buying in a property which was rented,2023-11-16 23:07:54
Side jobs for Plumbing,2023-11-16 20:34:35
Donation from your sibling,2023-11-16 19:06:38
Payment recall,2023-11-16 16:38:16
Job swap before getting a home improvement loan,2023-11-16 17:55:52
Splitting tax credits,2023-11-16 18:18:47
Bank error,2023-11-16 17:32:20
"New career suggestions, please help!",2023-11-16 17:18:59
Employee Worker & Form 11,2023-11-16 16:04:46
Recommendations for short term savings account.,2023-11-16 15:18:37
25 y/o Looking to put 13k in savings away - Savings account or Lightyear?,2023-11-16 15:21:48
New Property - Percolation test,2023-11-16 14:41:22
Mortgage approval coming to an end and I have missed DD’s.,2023-11-16 13:08:54
Can i re negotiate price when survey found wrongly listed details,2023-11-16 13:14:18
Buying an investment property,2023-11-16 13:17:28
Advice on Job market???,2023-11-16 13:44:58
Two jobs and pension,2023-11-16 12:33:57
Tax basis when married,2023-11-16 12:11:40
Poll: Which trading platform do you use for investing?,2023-11-16 12:01:56
How possible do you think AI taking jobs is?,2023-11-16 11:47:19
Trustee of a pension fund issue,2023-11-16 10:07:05
How do we build wealth?,2023-11-16 07:51:58
Quickest way to get a loan?,2023-11-16 03:12:39
Pension transfer to new employers scheme,2023-11-15 22:30:28
Irish Life pension negative growth,2023-11-15 22:39:16
What is the net worth cutoff for receiving any support through the Fair Deal Application?,2023-11-15 21:49:18
What should I do with a spare 10k saved at 17,2023-11-15 20:35:38
Looking for the tax implications of loaning money to a friend.,2023-11-15 18:43:40
Need helping choosing a pension,2023-11-15 18:22:17
Expat Returning to Ireland,2023-11-15 16:04:37
Income Tax - Non Resident Landlord - PRSI?,2023-11-15 16:02:55
Beginner question on tax,2023-11-15 15:32:33
Most Tax Efficient Way to Emigrate,2023-11-15 15:19:42
Question about inheriting house,2023-11-15 14:45:48
Irish banks abandon Revolut rival plan after series of delays,2023-11-15 14:12:03
Mortgage question,2023-11-15 13:35:34
Help with Deed of Confirmation,2023-11-15 11:29:10
Rental expenses - allowable,2023-11-15 11:35:32
Smart Invest by Irish Life vs. other self-managed investment apps,2023-11-15 11:46:34
Transferred money from my account to my solicitor in branch (BoI),2023-11-15 11:35:08
E*TRADE Stock Transfer - Any Alternatives to Wise?,2023-11-15 11:12:44
Pension opinion,2023-11-15 10:43:21
AVC? Credit Union? Salary Protection Scheme? Do I need those?,2023-11-15 10:04:24
Crypto Transfer as a business expense?,2023-11-15 09:26:20
